image_id,image,donor_image_id,donor_image,correct_margin,shuffled_margin,delta_margin,pair_type
nycc_531,data/raw/newyorker_caption_ranking/cartoons/source/531.jpg,nycc_552,data/raw/newyorker_caption_ranking/cartoons/source/552.jpg,-10.548030853271484,-6.360288619995117,-4.187742233276367,H2
nycc_533,data/raw/newyorker_caption_ranking/cartoons/source/533.jpg,nycc_587,data/raw/newyorker_caption_ranking/cartoons/source/587.jpg,18.245563507080078,21.665393829345703,-3.419830322265625,H2
nycc_535,data/raw/newyorker_caption_ranking/cartoons/source/535.jpg,nycc_602,data/raw/newyorker_caption_ranking/cartoons/source/602.jpg,-13.063892364501953,-13.879655838012695,0.8157634735107422,H2
nycc_538,data/raw/newyorker_caption_ranking/cartoons/source/538.jpg,nycc_559,data/raw/newyorker_caption_ranking/cartoons/source/559.jpg,22.07308578491211,18.035926818847656,4.037158966064453,H2
nycc_539,data/raw/newyorker_caption_ranking/cartoons/source/539.jpg,nycc_577,data/raw/newyorker_caption_ranking/cartoons/source/577.jpg,13.99563980102539,14.60659408569336,-0.6109542846679688,H2
nycc_541,data/raw/newyorker_caption_ranking/cartoons/source/541.jpg,nycc_589,data/raw/newyorker_caption_ranking/cartoons/source/589.jpg,-12.4832763671875,-13.116905212402344,0.6336288452148438,H2
nycc_542,data/raw/newyorker_caption_ranking/cartoons/source/542.jpg,nycc_581,data/raw/newyorker_caption_ranking/cartoons/source/581.jpg,0.7950592041015625,0.0753326416015625,0.7197265625,H2
nycc_547,data/raw/newyorker_caption_ranking/cartoons/source/547.jpg,nycc_627,data/raw/newyorker_caption_ranking/cartoons/source/627.jpg,-1.4438648223876953,-0.5261669158935547,-0.9176979064941406,H2
nycc_549,data/raw/newyorker_caption_ranking/cartoons/source/549.jpg,nycc_612,data/raw/newyorker_caption_ranking/cartoons/source/612.jpg,14.58745002746582,13.986112594604492,0.6013374328613281,H2
nycc_552,data/raw/newyorker_caption_ranking/cartoons/source/552.jpg,nycc_597,data/raw/newyorker_caption_ranking/cartoons/source/597.jpg,2.8307323455810547,5.04810905456543,-2.217376708984375,H2
nycc_554,data/raw/newyorker_caption_ranking/cartoons/source/554.jpg,nycc_572,data/raw/newyorker_caption_ranking/cartoons/source/572.jpg,11.800838470458984,10.76260757446289,1.0382308959960938,H2
nycc_555,data/raw/newyorker_caption_ranking/cartoons/source/555.jpg,nycc_608,data/raw/newyorker_caption_ranking/cartoons/source/608.jpg,6.0305633544921875,5.227790832519531,0.8027725219726562,H2
nycc_556,data/raw/newyorker_caption_ranking/cartoons/source/556.jpg,nycc_592,data/raw/newyorker_caption_ranking/cartoons/source/592.jpg,-7.432687759399414,-6.604583740234375,-0.8281040191650391,H2
nycc_559,data/raw/newyorker_caption_ranking/cartoons/source/559.jpg,nycc_656,data/raw/newyorker_caption_ranking/cartoons/source/656.jpg,-12.800697326660156,-15.599445343017578,2.798748016357422,H2
nycc_560,data/raw/newyorker_caption_ranking/cartoons/source/560.jpg,nycc_628,data/raw/newyorker_caption_ranking/cartoons/source/628.jpg,15.164665222167969,18.920448303222656,-3.7557830810546875,H2
nycc_562,data/raw/newyorker_caption_ranking/cartoons/source/562.jpg,nycc_618,data/raw/newyorker_caption_ranking/cartoons/source/618.jpg,-15.35025405883789,-15.168415069580078,-0.1818389892578125,H2
nycc_563,data/raw/newyorker_caption_ranking/cartoons/source/563.jpg,nycc_554,data/raw/newyorker_caption_ranking/cartoons/source/554.jpg,2.6302356719970703,4.012908935546875,-1.3826732635498047,H2
nycc_565,data/raw/newyorker_caption_ranking/cartoons/source/565.jpg,nycc_593,data/raw/newyorker_caption_ranking/cartoons/source/593.jpg,-5.745546340942383,-4.149600982666016,-1.5959453582763672,H2
nycc_566,data/raw/newyorker_caption_ranking/cartoons/source/566.jpg,nycc_631,data/raw/newyorker_caption_ranking/cartoons/source/631.jpg,5.471607208251953,4.956214904785156,0.5153923034667969,H2
nycc_569,data/raw/newyorker_caption_ranking/cartoons/source/569.jpg,nycc_556,data/raw/newyorker_caption_ranking/cartoons/source/556.jpg,-31.64289093017578,-33.107765197753906,1.464874267578125,H2
nycc_570,data/raw/newyorker_caption_ranking/cartoons/source/570.jpg,nycc_585,data/raw/newyorker_caption_ranking/cartoons/source/585.jpg,13.743490219116211,16.289798736572266,-2.5463085174560547,H2
nycc_571,data/raw/newyorker_caption_ranking/cartoons/source/571.jpg,nycc_531,data/raw/newyorker_caption_ranking/cartoons/source/531.jpg,-8.401893615722656,-9.225536346435547,0.8236427307128906,H2
nycc_572,data/raw/newyorker_caption_ranking/cartoons/source/572.jpg,nycc_547,data/raw/newyorker_caption_ranking/cartoons/source/547.jpg,-4.886505126953125,-4.552619934082031,-0.33388519287109375,H2
nycc_577,data/raw/newyorker_caption_ranking/cartoons/source/577.jpg,nycc_599,data/raw/newyorker_caption_ranking/cartoons/source/599.jpg,-12.035619735717773,-11.198429107666016,-0.8371906280517578,H2
nycc_580,data/raw/newyorker_caption_ranking/cartoons/source/580.jpg,nycc_541,data/raw/newyorker_caption_ranking/cartoons/source/541.jpg,1.8753337860107422,-3.5099868774414062,5.385320663452148,H2
nycc_581,data/raw/newyorker_caption_ranking/cartoons/source/581.jpg,nycc_535,data/raw/newyorker_caption_ranking/cartoons/source/535.jpg,19.394046783447266,21.652667999267578,-2.2586212158203125,H2
nycc_582,data/raw/newyorker_caption_ranking/cartoons/source/582.jpg,nycc_620,data/raw/newyorker_caption_ranking/cartoons/source/620.jpg,-13.55671501159668,-14.303703308105469,0.7469882965087891,H2
nycc_583,data/raw/newyorker_caption_ranking/cartoons/source/583.jpg,nycc_555,data/raw/newyorker_caption_ranking/cartoons/source/555.jpg,-1.78009033203125,-4.274879455566406,2.4947891235351562,H2
nycc_584,data/raw/newyorker_caption_ranking/cartoons/source/584.jpg,nycc_542,data/raw/newyorker_caption_ranking/cartoons/source/542.jpg,-2.2152576446533203,-4.577640533447266,2.3623828887939453,H2
nycc_585,data/raw/newyorker_caption_ranking/cartoons/source/585.jpg,nycc_591,data/raw/newyorker_caption_ranking/cartoons/source/591.jpg,-32.5213623046875,-32.216087341308594,-0.30527496337890625,H2
nycc_587,data/raw/newyorker_caption_ranking/cartoons/source/587.jpg,nycc_619,data/raw/newyorker_caption_ranking/cartoons/source/619.jpg,-9.082765579223633,-6.286643981933594,-2.796121597290039,H2
nycc_588,data/raw/newyorker_caption_ranking/cartoons/source/588.jpg,nycc_582,data/raw/newyorker_caption_ranking/cartoons/source/582.jpg,-12.710052490234375,-16.1546630859375,3.444610595703125,H2
nycc_589,data/raw/newyorker_caption_ranking/cartoons/source/589.jpg,nycc_562,data/raw/newyorker_caption_ranking/cartoons/source/562.jpg,6.109140396118164,4.518388748168945,1.5907516479492188,H2
nycc_591,data/raw/newyorker_caption_ranking/cartoons/source/591.jpg,nycc_606,data/raw/newyorker_caption_ranking/cartoons/source/606.jpg,-12.211128234863281,-13.963325500488281,1.752197265625,H2
nycc_592,data/raw/newyorker_caption_ranking/cartoons/source/592.jpg,nycc_596,data/raw/newyorker_caption_ranking/cartoons/source/596.jpg,22.725095748901367,27.059906005859375,-4.334810256958008,H2
nycc_593,data/raw/newyorker_caption_ranking/cartoons/source/593.jpg,nycc_625,data/raw/newyorker_caption_ranking/cartoons/source/625.jpg,13.998065948486328,15.458011627197266,-1.4599456787109375,H2
nycc_594,data/raw/newyorker_caption_ranking/cartoons/source/594.jpg,nycc_533,data/raw/newyorker_caption_ranking/cartoons/source/533.jpg,4.554340362548828,-5.727603912353516,10.281944274902344,H2
nycc_595,data/raw/newyorker_caption_ranking/cartoons/source/595.jpg,nycc_538,data/raw/newyorker_caption_ranking/cartoons/source/538.jpg,-1.9295806884765625,-0.005870819091796875,-1.9237098693847656,H2
nycc_596,data/raw/newyorker_caption_ranking/cartoons/source/596.jpg,nycc_563,data/raw/newyorker_caption_ranking/cartoons/source/563.jpg,-2.075939178466797,-1.5834999084472656,-0.49243927001953125,H2
nycc_597,data/raw/newyorker_caption_ranking/cartoons/source/597.jpg,nycc_588,data/raw/newyorker_caption_ranking/cartoons/source/588.jpg,-13.845489501953125,-12.423309326171875,-1.42218017578125,H2
nycc_599,data/raw/newyorker_caption_ranking/cartoons/source/599.jpg,nycc_623,data/raw/newyorker_caption_ranking/cartoons/source/623.jpg,-14.703811645507812,-15.838333129882812,1.134521484375,H2
nycc_601,data/raw/newyorker_caption_ranking/cartoons/source/601.jpg,nycc_626,data/raw/newyorker_caption_ranking/cartoons/source/626.jpg,11.9056396484375,14.725481033325195,-2.8198413848876953,H2
nycc_602,data/raw/newyorker_caption_ranking/cartoons/source/602.jpg,nycc_570,data/raw/newyorker_caption_ranking/cartoons/source/570.jpg,-10.62591552734375,-10.996295928955078,0.3703804016113281,H2
nycc_606,data/raw/newyorker_caption_ranking/cartoons/source/606.jpg,nycc_539,data/raw/newyorker_caption_ranking/cartoons/source/539.jpg,-58.25970458984375,-59.853633880615234,1.5939292907714844,H2
nycc_608,data/raw/newyorker_caption_ranking/cartoons/source/608.jpg,nycc_594,data/raw/newyorker_caption_ranking/cartoons/source/594.jpg,-7.285423278808594,-8.252922058105469,0.967498779296875,H2
nycc_612,data/raw/newyorker_caption_ranking/cartoons/source/612.jpg,nycc_569,data/raw/newyorker_caption_ranking/cartoons/source/569.jpg,-12.203441619873047,-8.297504425048828,-3.9059371948242188,H2
nycc_614,data/raw/newyorker_caption_ranking/cartoons/source/614.jpg,nycc_650,data/raw/newyorker_caption_ranking/cartoons/source/650.jpg,10.727287292480469,11.849063873291016,-1.1217765808105469,H2
nycc_618,data/raw/newyorker_caption_ranking/cartoons/source/618.jpg,nycc_565,data/raw/newyorker_caption_ranking/cartoons/source/565.jpg,24.06861114501953,26.74917221069336,-2.680561065673828,H2
nycc_619,data/raw/newyorker_caption_ranking/cartoons/source/619.jpg,nycc_584,data/raw/newyorker_caption_ranking/cartoons/source/584.jpg,11.965921401977539,11.863990783691406,0.10193061828613281,H2
nycc_620,data/raw/newyorker_caption_ranking/cartoons/source/620.jpg,nycc_624,data/raw/newyorker_caption_ranking/cartoons/source/624.jpg,-21.406023025512695,-24.353939056396484,2.947916030883789,H2
nycc_622,data/raw/newyorker_caption_ranking/cartoons/source/622.jpg,nycc_580,data/raw/newyorker_caption_ranking/cartoons/source/580.jpg,3.07293701171875,5.501375198364258,-2.428438186645508,H2
nycc_623,data/raw/newyorker_caption_ranking/cartoons/source/623.jpg,nycc_571,data/raw/newyorker_caption_ranking/cartoons/source/571.jpg,-13.903419494628906,-15.33133316040039,1.4279136657714844,H2
nycc_624,data/raw/newyorker_caption_ranking/cartoons/source/624.jpg,nycc_566,data/raw/newyorker_caption_ranking/cartoons/source/566.jpg,26.4295654296875,24.610458374023438,1.8191070556640625,H2
nycc_625,data/raw/newyorker_caption_ranking/cartoons/source/625.jpg,nycc_601,data/raw/newyorker_caption_ranking/cartoons/source/601.jpg,6.661491394042969,8.193435668945312,-1.5319442749023438,H2
nycc_626,data/raw/newyorker_caption_ranking/cartoons/source/626.jpg,nycc_614,data/raw/newyorker_caption_ranking/cartoons/source/614.jpg,4.394996643066406,0.9094467163085938,3.4855499267578125,H2
nycc_627,data/raw/newyorker_caption_ranking/cartoons/source/627.jpg,nycc_560,data/raw/newyorker_caption_ranking/cartoons/source/560.jpg,1.5443401336669922,0.088531494140625,1.4558086395263672,H2
nycc_628,data/raw/newyorker_caption_ranking/cartoons/source/628.jpg,nycc_630,data/raw/newyorker_caption_ranking/cartoons/source/630.jpg,2.861774444580078,1.5059089660644531,1.355865478515625,H2
nycc_630,data/raw/newyorker_caption_ranking/cartoons/source/630.jpg,nycc_622,data/raw/newyorker_caption_ranking/cartoons/source/622.jpg,-1.9769554138183594,1.8373336791992188,-3.814289093017578,H2
nycc_631,data/raw/newyorker_caption_ranking/cartoons/source/631.jpg,nycc_549,data/raw/newyorker_caption_ranking/cartoons/source/549.jpg,2.6815013885498047,0.5654220581054688,2.116079330444336,H2
nycc_650,data/raw/newyorker_caption_ranking/cartoons/source/650.jpg,nycc_595,data/raw/newyorker_caption_ranking/cartoons/source/595.jpg,1.5340652465820312,-1.5462188720703125,3.0802841186523438,H2
nycc_656,data/raw/newyorker_caption_ranking/cartoons/source/656.jpg,nycc_583,data/raw/newyorker_caption_ranking/cartoons/source/583.jpg,20.864089965820312,20.783527374267578,0.08056259155273438,H2
